name,age,tel,email
monkey1,12,13987654321,monkey1@51reboot.com
monkey2,12,13987654321,monkey2@51reboot.com
monkey3,12,13987654321,monkey3@51reboot.com
monkey4,12,13987654321,monkey4@51reboot.com
monkey5,12,13987654321,monkey5@51reboot.com
monkey6,12,13987654321,monkey6@51reboot.com
monkey7,12,13987654321,monkey7@51reboot.com
monkey8,12,13987654321,monkey8@51reboot.com
monkey9,12,13987654321,monkey9@51reboot.com
monkey10,12,13987654321,monkey10@51reboot.com
monkey11,12,13987654321,monkey11@51reboot.com
monkey12,12,13987654321,monkey12@51reboot.com
monkey13,12,13987654321,monkey13@51reboot.com
monkey14,12,13987654321,monkey14@51reboot.com
monkey15,12,13987654321,monkey15@51reboot.com
